<PARTS>
<TITLE>Computer Parts</TITLE>
<PART>
<ITEM>Motherboard</ITEM>
<MANUFACTURER>ASUS</MANUFACTURER>
<MODEL>P3B-F</MODEL>
<COST> 123.00</COST>
</PART>
<PART>
<ITEM>Video Card</ITEM>
<MANUFACTURER>ATI</MANUFACTURER>
<MODEL>All-in-Wonder Pro</MODEL>
<COST> 160.00</COST>
</PART>
<PART>
<ITEM>Sound Card</ITEM>
<MANUFACTURER>Creative Labs</MANUFACTURER>
<MODEL>Sound Blaster Live</MODEL>
<COST> 80.00</COST>
</PART>
<PART>
<ITEM> inch Monitor</ITEM>
<MANUFACTURER>LG Electronics</MANUFACTURER>
<MODEL> 995E</MODEL>
<COST> 290.00</COST>
</PART>
</PARTS>
